{"source":2,"revision":106,"description":null,"createdBy":{"displayName":"MOHAMED AMIN","url":"https://spsprodweu1.vssps.visualstudio.com/A9a539a65-4fcb-40d4-b3b9-015bfa5916ad/_apis/Identities/097efa12-d3ac-47f4-9ed6-758de602ad13","_links":{"avatar":{"href":"https://dev.azure.com/MohamedElarousy/_apis/GraphProfile/MemberAvatars/msa.NmM1ZTkzMGUtNjE3YS03YTA5LWJjMGYtMjhhNjc1M2NlN2I0"}},"id":"097efa12-d3ac-47f4-9ed6-758de602ad13","uniqueName":"m.elarousy@outlook.com","imageUrl":"https://dev.azure.com/MohamedElarousy/_apis/GraphProfile/MemberAvatars/msa.NmM1ZTkzMGUtNjE3YS03YTA5LWJjMGYtMjhhNjc1M2NlN2I0","descriptor":"msa.NmM1ZTkzMGUtNjE3YS03YTA5LWJjMGYtMjhhNjc1M2NlN2I0"},"createdOn":"2020-06-14T08:39:15.537Z","modifiedBy":{"displayName":"MOHAMED AMIN","url":"https://spsprodweu1.vssps.visualstudio.com/A9a539a65-4fcb-40d4-b3b9-015bfa5916ad/_apis/Identities/097efa12-d3ac-47f4-9ed6-758de602ad13","_links":{"avatar":{"href":"https://dev.azure.com/MohamedElarousy/_apis/GraphProfile/MemberAvatars/msa.NmM1ZTkzMGUtNjE3YS03YTA5LWJjMGYtMjhhNjc1M2NlN2I0"}},"id":"097efa12-d3ac-47f4-9ed6-758de602ad13","uniqueName":"m.elarousy@outlook.com","imageUrl":"https://dev.azure.com/MohamedElarousy/_apis/GraphProfile/MemberAvatars/msa.NmM1ZTkzMGUtNjE3YS03YTA5LWJjMGYtMjhhNjc1M2NlN2I0","descriptor":"msa.NmM1ZTkzMGUtNjE3YS03YTA5LWJjMGYtMjhhNjc1M2NlN2I0"},"modifiedOn":"2020-06-16T21:41:51.803Z","isDeleted":false,"lastRelease":{"id":45,"name":"Release-45","artifacts":[],"_links":{},"description":"Triggered by boilerplateaspnet 20200617.1.","releaseDefinition":{"id":1,"projectReference":null,"_links":{}},"createdOn":"2020-06-17T14:25:37.217Z","createdBy":{"displayName":"MOHAMED AMIN","url":"https://spsprodweu1.vssps.visualstudio.com/A9a539a65-4fcb-40d4-b3b9-015bfa5916ad/_apis/Identities/097efa12-d3ac-47f4-9ed6-758de602ad13","_links":{"avatar":{"href":"https://dev.azure.com/MohamedElarousy/_apis/GraphProfile/MemberAvatars/msa.NmM1ZTkzMGUtNjE3YS03YTA5LWJjMGYtMjhhNjc1M2NlN2I0"}},"id":"097efa12-d3ac-47f4-9ed6-758de602ad13","uniqueName":"m.elarousy@outlook.com","imageUrl":"https://dev.azure.com/MohamedElarousy/_apis/GraphProfile/MemberAvatars/msa.NmM1ZTkzMGUtNjE3YS03YTA5LWJjMGYtMjhhNjc1M2NlN2I0","descriptor":"msa.NmM1ZTkzMGUtNjE3YS03YTA5LWJjMGYtMjhhNjc1M2NlN2I0"}},"variables":{"dbid":{"value":null,"isSecret":true},"dbpass":{"value":null,"isSecret":true},"dbserver":{"value":null,"isSecret":true},"test":{"value":"testme"},"test1":{"value":"testme1"}},"variableGroups":[],"environments":[{"id":1,"name":"Deploy Backend","rank":2,"owner":{"displayName":"MOHAMED AMIN","url":"https://spsprodweu1.vssps.visualstudio.com/A9a539a65-4fcb-40d4-b3b9-015bfa5916ad/_apis/Identities/097efa12-d3ac-47f4-9ed6-758de602ad13","_links":{"avatar":{"href":"https://dev.azure.com/MohamedElarousy/_apis/GraphProfile/MemberAvatars/msa.NmM1ZTkzMGUtNjE3YS03YTA5LWJjMGYtMjhhNjc1M2NlN2I0"}},"id":"097efa12-d3ac-47f4-9ed6-758de602ad13","uniqueName":"m.elarousy@outlook.com","imageUrl":"https://dev.azure.com/MohamedElarousy/_apis/GraphProfile/MemberAvatars/msa.NmM1ZTkzMGUtNjE3YS03YTA5LWJjMGYtMjhhNjc1M2NlN2I0","descriptor":"msa.NmM1ZTkzMGUtNjE3YS03YTA5LWJjMGYtMjhhNjc1M2NlN2I0"},"variables":{},"variableGroups":[],"preDeployApprovals":{"approvals":[{"rank":1,"isAutomated":true,"isNotificationOn":false,"id":1}],"approvalOptions":{"requiredApproverCount":null,"releaseCreatorCanBeApprover":false,"autoTriggeredAndPreviousEnvironmentApprovedCanBeSkipped":false,"enforceIdentityRevalidation":false,"timeoutInMinutes":0,"executionOrder":1}},"deployStep":{"id":2},"postDeployApprovals":{"approvals":[{"rank":1,"isAutomated":true,"isNotificationOn":false,"id":3}],"approvalOptions":{"requiredApproverCount":null,"releaseCreatorCanBeApprover":false,"autoTriggeredAndPreviousEnvironmentApprovedCanBeSkipped":false,"enforceIdentityRevalidation":false,"timeoutInMinutes":0,"executionOrder":2}},"deployPhases":[{"deploymentInput":{"healthPercent":0,"deploymentHealthOption":"Custom","tags":[],"skipArtifactsDownload":false,"artifactsDownloadInput":{"downloadInputs":[{"alias":"_boilerplateaspnet","artifactType":"Build","artifactDownloadMode":"Selective","artifactItems":["drop/**"]}]},"queueId":149,"demands":[],"enableAccessToken":false,"timeoutInMinutes":0,"jobCancelTimeoutInMinutes":1,"condition":"succeeded()","overrideInputs":{}},"rank":1,"phaseType":4,"name":"Deployment group job","refName":null,"workflowTasks":[{"environment":{},"taskId":"6c731c3c-3c68-459a-a5c9-bde6e6595b5b","version":"3.*","name":"WWW Permission","refName":"","enabled":true,"alwaysRun":false,"continueOnError":false,"timeoutInMinutes":0,"definitionType":"task","overrideInputs":{},"condition":"succeeded()","inputs":{"targetType":"inline","filePath":"","arguments":"","script":"sudo chown -R $USER /var/www\n","workingDirectory":"","failOnStderr":"false","noProfile":"true","noRc":"true"}},{"environment":{},"taskId":"6c731c3c-3c68-459a-a5c9-bde6e6595b5b","version":"3.*","name":"Extract The Package","refName":"","enabled":true,"alwaysRun":false,"continueOnError":false,"timeoutInMinutes":0,"definitionType":"task","overrideInputs":{},"condition":"succeeded()","inputs":{"targetType":"inline","filePath":"","arguments":"","script":"sudo apt install unzip\npath=$(System.DefaultWorkingDirectory)/_boilerplateaspnet/drop/BoilerPlate.Web.Host.zip\necho $path\nsudo unzip -o $path  -d  /var/www/backend \n","workingDirectory":"","failOnStderr":"false","noProfile":"true","noRc":"true"}},{"environment":{},"taskId":"252b8a23-b221-483a-9cf3-74dac5a091b0","version":"1.*","name":"Update connection string 'Default'","refName":"","enabled":true,"alwaysRun":false,"continueOnError":false,"timeoutInMinutes":0,"definitionType":"task","overrideInputs":{},"condition":"succeeded()","inputs":{"filename":"/var/www/backend/appsettings.json","keyname":"Default","connectionstringvalue":"Server=$(dbserver); Database=MyProjectDb; User id=$(dbid); Password=$(dbpass);Trusted_Connection=False;"}},{"environment":{},"taskId":"c23a6305-299e-4871-8cba-1bca894d21dc","version":"1.*","name":"Set string ServerRootAddress","refName":"","enabled":true,"alwaysRun":false,"continueOnError":false,"timeoutInMinutes":0,"definitionType":"task","overrideInputs":{},"condition":"succeeded()","inputs":{"filename":"/var/www/backend/appsettings.json","numberOfLevels":"2","keyname1":"App","keyname2":"ServerRootAddress","keyname3":"","valueToSet":"http://backend.com/"}},{"environment":{},"taskId":"c23a6305-299e-4871-8cba-1bca894d21dc","version":"1.*","name":"Set string ClientRootAddress","refName":"","enabled":true,"alwaysRun":false,"continueOnError":false,"timeoutInMinutes":0,"definitionType":"task","overrideInputs":{},"condition":"succeeded()","inputs":{"filename":"/var/www/backend/appsettings.json","numberOfLevels":"2","keyname1":"App","keyname2":"ClientRootAddress","keyname3":"","valueToSet":"http://angular.com/"}},{"environment":{},"taskId":"c23a6305-299e-4871-8cba-1bca894d21dc","version":"1.*","name":"Set string CorsOrigins","refName":"","enabled":true,"alwaysRun":false,"continueOnError":false,"timeoutInMinutes":0,"definitionType":"task","overrideInputs":{},"condition":"succeeded()","inputs":{"filename":"/var/www/backend/appsettings.json","numberOfLevels":"2","keyname1":"App","keyname2":"CorsOrigins","keyname3":"","valueToSet":"http://angular.com,http://localhost:8080,http://localhost:8081,http://localhost:3000"}},{"environment":{},"taskId":"6c731c3c-3c68-459a-a5c9-bde6e6595b5b","version":"3.*","name":"Restart Backend Service","refName":"","enabled":true,"alwaysRun":false,"continueOnError":false,"timeoutInMinutes":0,"definitionType":"task","overrideInputs":{},"condition":"succeeded()","inputs":{"targetType":"inline","filePath":"","arguments":"","script":"sudo systemctl stop backend.service > /dev/null 2>&1\nsudo systemctl start backend.service\n","workingDirectory":"","failOnStderr":"false","noProfile":"true","noRc":"true"}}]}],"environmentOptions":{"emailNotificationType":"OnlyOnFailure","emailRecipients":"release.environment.owner;release.creator","skipArtifactsDownload":false,"timeoutInMinutes":0,"enableAccessToken":false,"publishDeploymentStatus":true,"badgeEnabled":false,"autoLinkWorkItems":false,"pullRequestDeploymentEnabled":false},"demands":[],"conditions":[{"name":"Machine Preparing ","conditionType":2,"value":"4"}],"executionPolicy":{"concurrencyCount":1,"queueDepthCount":0},"schedules":[],"currentRelease":{"id":45,"url":"https://vsrm.dev.azure.com/MohamedElarousy/a0c85830-a770-40c8-9a34-2841909e1414/_apis/Release/releases/45","_links":{}},"retentionPolicy":{"daysToKeep":30,"releasesToKeep":3,"retainBuild":true},"processParameters":{},"properties":{"BoardsEnvironmentType":{"$type":"System.String","$value":"unmapped"},"LinkBoardsWorkItems":{"$type":"System.String","$value":"False"}},"preDeploymentGates":{"id":0,"gatesOptions":null,"gates":[]},"postDeploymentGates":{"id":0,"gatesOptions":null,"gates":[]},"environmentTriggers":[],"badgeUrl":"https://vsrm.dev.azure.com/MohamedElarousy/_apis/public/Release/badge/a0c85830-a770-40c8-9a34-2841909e1414/1/1"},{"id":2,"name":"Deploy FrontEnd","rank":3,"owner":{"displayName":"MOHAMED AMIN","url":"https://spsprodweu1.vssps.visualstudio.com/A9a539a65-4fcb-40d4-b3b9-015bfa5916ad/_apis/Identities/097efa12-d3ac-47f4-9ed6-758de602ad13","_links":{"avatar":{"href":"https://dev.azure.com/MohamedElarousy/_apis/GraphProfile/MemberAvatars/msa.NmM1ZTkzMGUtNjE3YS03YTA5LWJjMGYtMjhhNjc1M2NlN2I0"}},"id":"097efa12-d3ac-47f4-9ed6-758de602ad13","uniqueName":"m.elarousy@outlook.com","imageUrl":"https://dev.azure.com/MohamedElarousy/_apis/GraphProfile/MemberAvatars/msa.NmM1ZTkzMGUtNjE3YS03YTA5LWJjMGYtMjhhNjc1M2NlN2I0","descriptor":"msa.NmM1ZTkzMGUtNjE3YS03YTA5LWJjMGYtMjhhNjc1M2NlN2I0"},"variables":{},"variableGroups":[],"preDeployApprovals":{"approvals":[{"rank":1,"isAutomated":true,"isNotificationOn":false,"id":4}],"approvalOptions":{"requiredApproverCount":null,"releaseCreatorCanBeApprover":false,"autoTriggeredAndPreviousEnvironmentApprovedCanBeSkipped":false,"enforceIdentityRevalidation":false,"timeoutInMinutes":0,"executionOrder":1}},"deployStep":{"id":5},"postDeployApprovals":{"approvals":[{"rank":1,"isAutomated":true,"isNotificationOn":false,"id":6}],"approvalOptions":{"requiredApproverCount":null,"releaseCreatorCanBeApprover":false,"autoTriggeredAndPreviousEnvironmentApprovedCanBeSkipped":false,"enforceIdentityRevalidation":false,"timeoutInMinutes":0,"executionOrder":2}},"deployPhases":[{"deploymentInput":{"healthPercent":0,"deploymentHealthOption":"Custom","tags":[],"skipArtifactsDownload":false,"artifactsDownloadInput":{"downloadInputs":[{"alias":"_boilerplateaspnet","artifactType":"Build","artifactDownloadMode":"Selective","artifactItems":["dist/**"]}]},"queueId":149,"demands":[],"enableAccessToken":false,"timeoutInMinutes":0,"jobCancelTimeoutInMinutes":1,"condition":"succeeded()","overrideInputs":{}},"rank":1,"phaseType":4,"name":"Deployment group job","refName":null,"workflowTasks":[{"environment":{},"taskId":"6c731c3c-3c68-459a-a5c9-bde6e6595b5b","version":"3.*","name":"Extract The Package","refName":"","enabled":true,"alwaysRun":false,"continueOnError":false,"timeoutInMinutes":0,"definitionType":"task","overrideInputs":{},"condition":"succeeded()","inputs":{"targetType":"inline","filePath":"","arguments":"","script":"#sudo apt install unzip\necho $(dbpass) | sudo -S su -c whoami $USER\npath=$(System.DefaultWorkingDirectory)/_boilerplateaspnet/dist/\necho $path\nsudo cp -TRv $path  /var/www/angular/\nsudo chown -R $USER /var/www/angular/assets/appconfig.json\nsudo chown -R $USER /var/www/angular\nsudo chown -R $USER /var/www/backend\nchmod -R 755 /var/www/angular\nchmod -R 755 /var/www/backend\nchmod -R 755 /var/www/angular/assets/appconfig.json\n\n\n","workingDirectory":"","failOnStderr":"false","noProfile":"true","noRc":"true"}},{"environment":{},"taskId":"c23a6305-299e-4871-8cba-1bca894d21dc","version":"1.*","name":"Set string remoteServiceBaseUrl","refName":"","enabled":true,"alwaysRun":false,"continueOnError":false,"timeoutInMinutes":0,"definitionType":"task","overrideInputs":{},"condition":"succeeded()","inputs":{"filename":"/var/www/angular/assets/appconfig.production.json","numberOfLevels":"1","keyname1":"remoteServiceBaseUrl","keyname2":"","keyname3":"","valueToSet":"http://backend.com"}},{"environment":{},"taskId":"c23a6305-299e-4871-8cba-1bca894d21dc","version":"1.*","name":"Set string appBaseUrl","refName":"","enabled":true,"alwaysRun":false,"continueOnError":false,"timeoutInMinutes":0,"definitionType":"task","overrideInputs":{},"condition":"succeeded()","inputs":{"filename":"/var/www/angular/assets/appconfig.production.json","numberOfLevels":"1","keyname1":"appBaseUrl","keyname2":"","keyname3":"","valueToSet":"http://angular.com/"}},{"environment":{},"taskId":"6c731c3c-3c68-459a-a5c9-bde6e6595b5b","version":"3.*","name":"Edite Hosts","refName":"","enabled":false,"alwaysRun":false,"continueOnError":false,"timeoutInMinutes":0,"definitionType":"task","overrideInputs":{},"condition":"succeeded()","inputs":{"targetType":"inline","filePath":"","arguments":"","script":"echo $(dbpass) | sudo -S su -c whoami $USER\nsudo echo \"127.0.0.1 angular22.com\" >> /etc/hosts\n","workingDirectory":"","failOnStderr":"false","noProfile":"true","noRc":"true"}},{"environment":{},"taskId":"6c731c3c-3c68-459a-a5c9-bde6e6595b5b","version":"3.*","name":"Reload Nginx","refName":"","enabled":true,"alwaysRun":false,"continueOnError":false,"timeoutInMinutes":0,"definitionType":"task","overrideInputs":{},"condition":"succeeded()","inputs":{"targetType":"inline","filePath":"","arguments":"","script":"echo $(dbpass) | sudo -S su -c whoami $USER\nsudo nginx -s reload\n","workingDirectory":"","failOnStderr":"false","noProfile":"true","noRc":"true"}}]}],"environmentOptions":{"emailNotificationType":"OnlyOnFailure","emailRecipients":"release.environment.owner;release.creator","skipArtifactsDownload":false,"timeoutInMinutes":0,"enableAccessToken":false,"publishDeploymentStatus":true,"badgeEnabled":false,"autoLinkWorkItems":false,"pullRequestDeploymentEnabled":false},"demands":[],"conditions":[{"name":"Deploy Backend","conditionType":2,"value":"4"}],"executionPolicy":{"concurrencyCount":1,"queueDepthCount":0},"schedules":[],"currentRelease":{"id":45,"url":"https://vsrm.dev.azure.com/MohamedElarousy/a0c85830-a770-40c8-9a34-2841909e1414/_apis/Release/releases/45","_links":{}},"retentionPolicy":{"daysToKeep":30,"releasesToKeep":3,"retainBuild":true},"processParameters":{},"properties":{"BoardsEnvironmentType":{"$type":"System.String","$value":"unmapped"},"LinkBoardsWorkItems":{"$type":"System.String","$value":"False"}},"preDeploymentGates":{"id":0,"gatesOptions":null,"gates":[]},"postDeploymentGates":{"id":0,"gatesOptions":null,"gates":[]},"environmentTriggers":[],"badgeUrl":"https://vsrm.dev.azure.com/MohamedElarousy/_apis/public/Release/badge/a0c85830-a770-40c8-9a34-2841909e1414/1/2"},{"id":3,"name":"Machine Preparing ","rank":1,"owner":{"displayName":"MOHAMED AMIN","url":"https://spsprodweu1.vssps.visualstudio.com/A9a539a65-4fcb-40d4-b3b9-015bfa5916ad/_apis/Identities/097efa12-d3ac-47f4-9ed6-758de602ad13","_links":{"avatar":{"href":"https://dev.azure.com/MohamedElarousy/_apis/GraphProfile/MemberAvatars/msa.NmM1ZTkzMGUtNjE3YS03YTA5LWJjMGYtMjhhNjc1M2NlN2I0"}},"id":"097efa12-d3ac-47f4-9ed6-758de602ad13","uniqueName":"m.elarousy@outlook.com","imageUrl":"https://dev.azure.com/MohamedElarousy/_apis/GraphProfile/MemberAvatars/msa.NmM1ZTkzMGUtNjE3YS03YTA5LWJjMGYtMjhhNjc1M2NlN2I0","descriptor":"msa.NmM1ZTkzMGUtNjE3YS03YTA5LWJjMGYtMjhhNjc1M2NlN2I0"},"variables":{},"variableGroups":[],"preDeployApprovals":{"approvals":[{"rank":1,"isAutomated":true,"isNotificationOn":false,"id":7}],"approvalOptions":{"requiredApproverCount":null,"releaseCreatorCanBeApprover":false,"autoTriggeredAndPreviousEnvironmentApprovedCanBeSkipped":false,"enforceIdentityRevalidation":false,"timeoutInMinutes":0,"executionOrder":1}},"deployStep":{"id":8},"postDeployApprovals":{"approvals":[{"rank":1,"isAutomated":true,"isNotificationOn":false,"id":9}],"approvalOptions":{"requiredApproverCount":null,"releaseCreatorCanBeApprover":false,"autoTriggeredAndPreviousEnvironmentApprovedCanBeSkipped":false,"enforceIdentityRevalidation":false,"timeoutInMinutes":0,"executionOrder":2}},"deployPhases":[{"deploymentInput":{"healthPercent":0,"deploymentHealthOption":"Custom","tags":[],"skipArtifactsDownload":false,"artifactsDownloadInput":{"downloadInputs":[{"alias":"_boilerplateaspnet","artifactType":"Build","artifactDownloadMode":"Skip","artifactItems":[]}]},"queueId":149,"demands":[],"enableAccessToken":false,"timeoutInMinutes":0,"jobCancelTimeoutInMinutes":1,"condition":"succeeded()","overrideInputs":{}},"rank":1,"phaseType":4,"name":"Deployment group job","refName":null,"workflowTasks":[{"environment":{},"taskId":"6c731c3c-3c68-459a-a5c9-bde6e6595b5b","version":"3.*","name":"Install Nginx","refName":"","enabled":true,"alwaysRun":false,"continueOnError":false,"timeoutInMinutes":0,"definitionType":"task","overrideInputs":{},"condition":"succeeded()","inputs":{"targetType":"inline","filePath":"","arguments":"","script":"echo $(dbpass) | sudo -S su -c whoami $USER\nsudo add-apt-repository PPAs:nginx/stable\necho y | sudo -S apt-get update\necho y | sudo -S apt-get install nginx\n","workingDirectory":"","failOnStderr":"false","noProfile":"true","noRc":"true"}},{"environment":{},"taskId":"6c731c3c-3c68-459a-a5c9-bde6e6595b5b","version":"3.*","name":"Install dotnet-sdk","refName":"","enabled":true,"alwaysRun":false,"continueOnError":false,"timeoutInMinutes":0,"definitionType":"task","overrideInputs":{},"condition":"succeeded()","inputs":{"targetType":"inline","filePath":"","arguments":"","script":"echo $(dbpass) | sudo -S su -c whoami $USER\nsudo snap install dotnet-sdk --classic --channel=3.1\nsudo snap alias dotnet-sdk.dotnet dotnet\n","workingDirectory":"","failOnStderr":"false","noProfile":"true","noRc":"true"}},{"environment":{},"taskId":"6c731c3c-3c68-459a-a5c9-bde6e6595b5b","version":"3.*","name":"Nginx Configuration Angular","refName":"","enabled":true,"alwaysRun":false,"continueOnError":false,"timeoutInMinutes":0,"definitionType":"task","overrideInputs":{},"condition":"succeeded()","inputs":{"targetType":"inline","filePath":"","arguments":"","script":"echo $(dbpass) | sudo -S su -c whoami $USER\nsudo chown -R $USER /etc/nginx/sites-available\necho \"server {     \n    listen 80;      \n    listen [::]:80;            \n    root /var/www/angular;   \n    server_tokens off;   \n    index index.html index.htm;     \n    location / {         \n        # First attempt to server request as file, then         \n        # as directory, then fall back to displaying a 404.          \n        try_files $uri $uri/ /index.html =404;      \n    } \n}\" > /etc/nginx/sites-available/angular.com\n","workingDirectory":"","failOnStderr":"false","noProfile":"true","noRc":"true"}},{"environment":{},"taskId":"6c731c3c-3c68-459a-a5c9-bde6e6595b5b","version":"3.*","name":"Nginx Configuration Backend","refName":"","enabled":true,"alwaysRun":false,"continueOnError":false,"timeoutInMinutes":0,"definitionType":"task","overrideInputs":{},"condition":"succeeded()","inputs":{"targetType":"inline","filePath":"","arguments":"","script":"echo $(dbpass) | sudo -S su -c whoami $USER\nsudo chown -R $USER /etc/nginx/sites-available\necho \"server {  \n    listen 80;  \n    server_name   backend.com *.backend.com;  \n    location / {  \n        proxy_pass http://localhost:21021;  \n        proxy_http_version 1.1;  \n        proxy_set_header   Upgrade $$http_upgrade;\n        proxy_set_header   Connection  Keep-Alive;\n        proxy_set_header   Host $$host;\n        proxy_cache_bypass $$http_upgrade;\n        proxy_set_header   X-Forwarded-For $$proxy_add_x_forwarded_for;\n        proxy_set_header   X-Forwarded-Proto $$scheme;\n    }\n}\" > /etc/nginx/sites-available/backend.com","workingDirectory":"","failOnStderr":"false","noProfile":"true","noRc":"true"}},{"environment":{},"taskId":"6c731c3c-3c68-459a-a5c9-bde6e6595b5b","version":"3.*","name":"Nginx Configuration Submit","refName":"","enabled":true,"alwaysRun":false,"continueOnError":false,"timeoutInMinutes":0,"definitionType":"task","overrideInputs":{},"condition":"succeeded()","inputs":{"targetType":"inline","filePath":"","arguments":"","script":"echo $(dbpass) | sudo -S su -c whoami $USER\nsudo chown -R $USER /etc/nginx/sites-enabled\ncd /etc/nginx/sites-enabled\nsudo ln -s ../sites-available/angular.com\nsudo ln -s ../sites-available/backend.com\nsudo rm /etc/nginx/sites-available/default\nsudo rm /etc/nginx/sites-enabled/default\nsudo nginx -t\nsudo nginx -s reload","workingDirectory":"","failOnStderr":"false","noProfile":"true","noRc":"true"}},{"environment":{},"taskId":"6c731c3c-3c68-459a-a5c9-bde6e6595b5b","version":"3.*","name":"Create Backend Service","refName":"","enabled":true,"alwaysRun":false,"continueOnError":false,"timeoutInMinutes":0,"definitionType":"task","overrideInputs":{},"condition":"succeeded()","inputs":{"targetType":"inline","filePath":"","arguments":"","script":"echo $(dbpass) | sudo -S su -c whoami $USER\nsudo chown -R $USER /etc/systemd/system\necho \"[Unit]\nDescription=Example .NET Web API App running on Ubuntu\n[Service]\nWorkingDirectory=/var/www/backend\nExecStart=/snap/dotnet-sdk/87/dotnet /var/www/backend/BoilerPlate.Web.Host.dll\nRestart=always\n# Restart service after 10 seconds if the dotnet service crashes:\nRestartSec=10\nKillSignal=SIGINT\nSyslogIdentifier=dotnet-example\nUser=amin\nEnvironment=ASPNETCORE_ENVIRONMENT=Production\nEnvironment=DOTNET_PRINT_TELEMETRY_MESSAGE=false\n[Install]\nWantedBy=multi-user.target\" > /etc/systemd/system/backend.service","workingDirectory":"","failOnStderr":"false","noProfile":"true","noRc":"true"}},{"environment":{},"taskId":"6c731c3c-3c68-459a-a5c9-bde6e6595b5b","version":"3.*","name":"Start Backend Service","refName":"","enabled":true,"alwaysRun":false,"continueOnError":false,"timeoutInMinutes":0,"definitionType":"task","overrideInputs":{},"condition":"succeeded()","inputs":{"targetType":"inline","filePath":"","arguments":"","script":"echo $(dbpass) | sudo -S su -c whoami $USER\nsudo systemctl enable backend.service\nsudo systemctl start backend.service\n\n","workingDirectory":"","failOnStderr":"false","noProfile":"true","noRc":"true"}},{"environment":{},"taskId":"6c731c3c-3c68-459a-a5c9-bde6e6595b5b","version":"3.*","name":"Edite Hosts","refName":"","enabled":true,"alwaysRun":false,"continueOnError":false,"timeoutInMinutes":0,"definitionType":"task","overrideInputs":{},"condition":"succeeded()","inputs":{"targetType":"inline","filePath":"","arguments":"","script":"echo $(dbpass) | sudo -S su -c whoami $USER\nsudo chown -R $USER /etc/hosts\necho \"127.0.0.1  backend.com\" >> /etc/hosts\necho \"127.0.0.1  angular.com\" >> /etc/hosts\n","workingDirectory":"","failOnStderr":"false","noProfile":"true","noRc":"true"}}]}],"environmentOptions":{"emailNotificationType":"OnlyOnFailure","emailRecipients":"release.environment.owner;release.creator","skipArtifactsDownload":false,"timeoutInMinutes":0,"enableAccessToken":false,"publishDeploymentStatus":true,"badgeEnabled":false,"autoLinkWorkItems":false,"pullRequestDeploymentEnabled":false},"demands":[],"conditions":[{"name":"ReleaseStarted","conditionType":1,"value":""}],"executionPolicy":{"concurrencyCount":1,"queueDepthCount":0},"schedules":[],"currentRelease":{"id":45,"url":"https://vsrm.dev.azure.com/MohamedElarousy/a0c85830-a770-40c8-9a34-2841909e1414/_apis/Release/releases/45","_links":{}},"retentionPolicy":{"daysToKeep":30,"releasesToKeep":3,"retainBuild":true},"processParameters":{},"properties":{"BoardsEnvironmentType":{"$type":"System.String","$value":"unmapped"},"LinkBoardsWorkItems":{"$type":"System.String","$value":"False"}},"preDeploymentGates":{"id":0,"gatesOptions":null,"gates":[]},"postDeploymentGates":{"id":0,"gatesOptions":null,"gates":[]},"environmentTriggers":[],"badgeUrl":"https://vsrm.dev.azure.com/MohamedElarousy/_apis/public/Release/badge/a0c85830-a770-40c8-9a34-2841909e1414/1/3"}],"artifacts":[{"sourceId":"a0c85830-a770-40c8-9a34-2841909e1414:15","type":"Build","alias":"_boilerplateaspnet","definitionReference":{"artifactSourceDefinitionUrl":{"id":"https://dev.azure.com/MohamedElarousy/_permalink/_build/index?collectionId=30b233b2-212a-47e7-9d2e-1f7ed9b48435&projectId=a0c85830-a770-40c8-9a34-2841909e1414&definitionId=15","name":""},"defaultVersionBranch":{"id":"","name":""},"defaultVersionSpecific":{"id":"","name":""},"defaultVersionTags":{"id":"","name":""},"defaultVersionType":{"id":"latestType","name":"Latest"},"definition":{"id":"15","name":"boilerplateaspnet"},"definitions":{"id":"","name":""},"IsMultiDefinitionType":{"id":"False","name":"False"},"project":{"id":"a0c85830-a770-40c8-9a34-2841909e1414","name":"boilerplate"},"repository":{"id":"","name":""}},"isPrimary":true,"isRetained":false}],"triggers":[{"artifactAlias":"_boilerplateaspnet","triggerConditions":[],"triggerType":1}],"releaseNameFormat":"Release-$(rev:r)","tags":[],"properties":{"DefinitionCreationSource":{"$type":"System.String","$value":"ReleaseNew"},"IntegrateBoardsWorkItems":{"$type":"System.String","$value":"False"},"IntegrateJiraWorkItems":{"$type":"System.String","$value":"false"}},"id":1,"name":"Ubuntu","path":"\\","projectReference":null,"url":"https://vsrm.dev.azure.com/MohamedElarousy/a0c85830-a770-40c8-9a34-2841909e1414/_apis/Release/definitions/1","_links":{"self":{"href":"https://vsrm.dev.azure.com/MohamedElarousy/a0c85830-a770-40c8-9a34-2841909e1414/_apis/Release/definitions/1"},"web":{"href":"https://dev.azure.com/MohamedElarousy/a0c85830-a770-40c8-9a34-2841909e1414/_release?definitionId=1"}}}